"","word","freq"
"cuisine","cuisine",104
"cuisinier","cuisinier",81
"poste","poste",76
"produits","produits",72
"hygi<U+00E8>ne","hygi<U+00E8>ne",63
"repas","repas",63
"plats","plats",62
"respect","respect",59
"recherche","recherche",55
"qualit<U+00E9>","qualit<U+00E9>",52
"r<U+00E8>gles","r<U+00E8>gles",52
"exp<U+00E9>rience","exp<U+00E9>rience",51
"cadre","cadre",50
"restauration","restauration",49
"pr<U+00E9>paration","pr<U+00E9>paration",45
"s<U+00E9>curit<U+00E9>","s<U+00E9>curit<U+00E9>",45
"service","service",45
"production","production",42
"sushi","sushi",40
"travail","travail",39
"<U+00E9>quipe","<U+00E9>quipe",37
"sein","sein",37
"shop","shop",35
"missions","missions",33
"<U+00E9>tablissement","<U+00E9>tablissement",32
"domusvi","domusvi",32
"formation","formation",31
"place","place",31
"recherchons","recherchons",31
"haccp","haccp",29
"clients","clients",28
"tout","tout",28
"alimentaire","alimentaire",27
"mise","mise",27
"pr<U+00E9>parations","pr<U+00E9>parations",27
"selon","selon",27
"techniques","techniques",27
"client","client",26
"gestion","gestion",26
"nvous","nvous",26
"plus","plus",26
"r<U+00E9>sidents","r<U+00E9>sidents",26
"entretien","entretien",24
"frais","frais",24
"menus","menus",24
"nettoyage","nettoyage",24
"r<U+00E9>alisation","r<U+00E9>alisation",24
"<U+00EA>tre","<U+00EA>tre",23
"chef","chef",23
"comp<U+00E9>tences","comp<U+00E9>tences",23
"contrat","contrat",23
"ensemble","ensemble",23
"lundi","lundi",23
"restaurant","restaurant",23
"ans","ans",22
"m<U+00E9>tier","m<U+00E9>tier",22
"stocks","stocks",22
"assurer","assurer",21
"charge","charge",21
"mati<U+00E8>re","mati<U+00E8>re",21
"pourvoir","pourvoir",21
"culinaire","culinaire",20
"emploi","emploi",20
"locaux","locaux",20
"recettes","recettes",20
"temps","temps",20
"vente","vente",20
"commandes","commandes",19
"d<U+00E9>veloppement","d<U+00E9>veloppement",19
"fiches","fiches",19
"jours","jours",19
"mettre","mettre",19
"mois","mois",19
"semaine","semaine",19
"weekend","weekend",19
"convives","convives",18
"culinaires","culinaires",18
"plan","plan",18
"possible","possible",18
"pr<U+00E9>parer","pr<U+00E9>parer",18
"soci<U+00E9>t<U+00E9>","soci<U+00E9>t<U+00E9>",18
"<U+0153>uvre","<U+0153>uvre",17
"bonne","bonne",17
"car","car",17
"contr<U+00F4>le","contr<U+00F4>le",17
"desserts","desserts",17
"entr<U+00E9>es","entr<U+00E9>es",17
"moments","moments",17
"normes","normes",17
"r<U+00E9>aliser","r<U+00E9>aliser",17
"<U+00E9>galement","<U+00E9>galement",16
"bon","bon",16
"fait","fait",16
"humaines","humaines",16
"maison","maison",16
"participer","participer",16
"ressources","ressources",16
"<U+00E9>quipements","<U+00E9>quipements",15
"<U+00E9>quipes","<U+00E9>quipes",15
"agence","agence",15
"disposition","disposition",15
"entreprise","entreprise",15
"faire","faire",15
"fonction","fonction",15
"r<U+00E9>gimes","r<U+00E9>gimes",15
"secteur","secteur",15
"travailler","travailler",15
"accompagner","accompagner",14
"alimentaires","alimentaires",14
"autonome","autonome",14
"cap","cap",14
"d<U+00E9>coupe","d<U+00E9>coupe",14
"dole","dole",14
"emporter","emporter",14
"france","france",14
"jour","jour",14
"relation","relation",14
"travaillez","travaillez",14
"viandes","viandes",14
"apprentissage","apprentissage",13
"avant","avant",13
"chauds","chauds",13
"conseil","conseil",13
"expansion","expansion",13
"fabrication","fabrication",13
"froides","froides",13
"l<U+00E9>gumes","l<U+00E9>gumes",13
"leader","leader",13
"ma<U+00EE>trise","ma<U+00EE>trise",13
"midi","midi",13
"personnes","personnes",13
"r<U+00E9>seau","r<U+00E9>seau",13
"r<U+00E9>sidence","r<U+00E9>sidence",13
"respecter","respecter",13
"soir","soir",13
"stockage","stockage",13
"<U+00E9>tranger","<U+00E9>tranger",12
"accompagnent","accompagnent",12
"affirme","affirme",12
"aimendans","aimendans",12
"angleterre","angleterre",12
"assurez","assurez",12
"belgique","belgique",12
"collective","collective",12
"comptent","comptent",12
"croyons","croyons",12
"cuisiniers","cuisiniers",12
"d<U+00E8>s","d<U+00E8>s",12
"d<U+00E9>gustation","d<U+00E9>gustation",12
"entreprises","entreprises",12
"espagne","espagne",12
"form<U+00E9>e","form<U+00E9>e",12
"gamme","gamme",12
"garantissant","garantissant",12
"haut","haut",12
"italie","italie",12
"livraison","livraison",12
"luxembourg","luxembourg",12
"meilleure","meilleure",12
"mettons","mettons",12
"moyenorient","moyenorient",12
"ncuisiniere","ncuisiniere",12
"nourriture","nourriture",12
"offrir","offrir",12
"personnel","personnel",12
"placenchez","placenchez",12
"points","points",12
"positionnement","positionnement",12
"pr<U+00E9>sentation","pr<U+00E9>sentation",12
"premium","premium",12
"projet","projet",12
"rangement","rangement",12
"respectant","respectant",12
"saison","saison",12
"savoirfaire","savoirfaire",12
"situ<U+00E9>e","situ<U+00E9>e",12
"suissendepuis","suissendepuis",12
"sushis","sushis",12
"veiller","veiller",12
"vendredi","vendredi",12
"<U+00E9>laboration","<U+00E9>laboration",11
"bas<U+00E9>e","bas<U+00E9>e",11
"collectivit<U+00E9>","collectivit<U+00E9>",11
"cuisiniere","cuisiniere",11
"dispose","dispose",11
"domicile","domicile",11
"dynamiser","dynamiser",11
"ehpad","ehpad",11
"g<U+00E9>rer","g<U+00E9>rer",11
"horaires","horaires",11
"met","met",11
"mission","mission",11
"notamment","notamment",11
"plaisir","plaisir",11
"professionnellendans","professionnellendans",11
"sauces","sauces",11
"situ<U+00E9>","situ<U+00E9>",11
"travaillerez","travaillerez",11
"bep","bep",10
"besoins","besoins",10
"carri<U+00E8>re","carri<U+00E8>re",10
"carte","carte",10
"cdi","cdi",10
"consulting","consulting",10
"diff<U+00E9>rentes","diff<U+00E9>rentes",10
"direction","direction",10
"mis","mis",10
"nec","nec",10
"partenaires","partenaires",10
"repos","repos",10
"responsabilit<U+00E9>","responsabilit<U+00E9>",10
"suivantes","suivantes",10
"textures","textures",10
"titulaire","titulaire",10
"vie","vie",10
"activit<U+00E9>","activit<U+00E9>",9
"budget","budget",9
"c<U+0153>ur","c<U+0153>ur",9
"cuisini<U+00E8>re","cuisini<U+00E8>re",9
"deux","deux",9
"diff<U+00E9>rents","diff<U+00E9>rents",9
"entretenir","entretenir",9
"familles","familles",9
"gants","gants",9
"grande","grande",9
"journ<U+00E9>e","journ<U+00E9>e",9
"partie","partie",9
"prendre","prendre",9
"r<U+00E9>alisez","r<U+00E9>alisez",9
"r<U+00E9>ception","r<U+00E9>ception",9
"r<U+00E9>glementation","r<U+00E9>glementation",9
"recrute","recrute",9
"sant<U+00E9>","sant<U+00E9>",9
"services","services",9
"standards","standards",9
"tant","tant",9
"assure","assure",8
"cdd","cdd",8
"centrale","centrale",8
"chaudes","chaudes",8
"collaborer","collaborer",8
"consignes","consignes",8
"couverts","couverts",8
"cuisson","cuisson",8
"d<U+00E9>clinaisons","d<U+00E9>clinaisons",8
"denr<U+00E9>es","denr<U+00E9>es",8
"fonctionnement","fonctionnement",8
"heures","heures",8
"ingr<U+00E9>dients","ingr<U+00E9>dients",8
"instants","instants",8
"janvier","janvier",8
"marchandises","marchandises",8
"mat<U+00E9>riel","mat<U+00E9>riel",8
"menu","menu",8
"modifi<U+00E9>es","modifi<U+00E9>es",8
"organisation","organisation",8
"organiser","organiser",8
"participez","participez",8
"plein","plein",8
"prescrits","prescrits",8
"recrutement","recrutement",8
"remplacement","remplacement",8
"renseigner","renseigner",8
"responsable","responsable",8
"sp<U+00E9>cificit<U+00E9>s","sp<U+00E9>cificit<U+00E9>s",8
"suivi","suivi",8
"surface","surface",8
"t<U+00E2>ches","t<U+00E2>ches",8
"traditionnelle","traditionnelle",8
"valeur","valeur",8
"vigilant","vigilant",8
"zones","zones",8
"ainsi","ainsi",7
"barri<U+00E8>res","barri<U+00E8>res",7
"bien<U+00EA>tre","bien<U+00EA>tre",7
"chaque","chaque",7
"chaud","chaud",7
"collaboration","collaboration",7
"compte","compte",7
"conditionnement","conditionnement",7
"connaissance","connaissance",7
"contr<U+00F4>ler","contr<U+00F4>ler",7
"devez","devez",7
"distribution","distribution",7
"dressage","dressage",7
"enfants","enfants",7
"etre","etre",7
"fabriqu<U+00E9>e","fabriqu<U+00E9>e",7
"froide","froide",7
"gestes","gestes",7
"groupe","groupe",7
"int<U+00E9>rim","int<U+00E9>rim",7
"lien","lien",7
"livraisons","livraisons",7
"machines","machines",7
"p<U+00E2>tisseries","p<U+00E2>tisseries",7
"p<U+00E9>riode","p<U+00E9>riode",7
"plateaux","plateaux",7
"plonge","plonge",7
"poisson","poisson",7
"poissons","poissons",7
"prestation","prestation",7
"principales","principales",7
"r<U+00E9>ouverture","r<U+00E9>ouverture",7
"rigueur","rigueur",7
"samedi","samedi",7
"sanitaire","sanitaire",7
"satisfaction","satisfaction",7
"sous","sous",7
"sp<U+00E9>cialis<U+00E9>","sp<U+00E9>cialis<U+00E9>",7
"tous","tous",7
"tra<U+00E7>abilit<U+00E9>","tra<U+00E7>abilit<U+00E9>",7
"v<U+00E9>rifier","v<U+00E9>rifier",7
"<U+00E9>tiquetage","<U+00E9>tiquetage",6
"<U+00E9>voluer","<U+00E9>voluer",6
"accompagne","accompagne",6
"ann<U+00E9>e","ann<U+00E9>e",6
"assurerez","assurerez",6
"autonomie","autonomie",6
"centre","centre",6
"client<U+00E8>le","client<U+00E8>le",6
"conna<U+00EE>tre","conna<U+00EE>tre",6
"connaissances","connaissances",6
"cr<U+00E8>che","cr<U+00E8>che",6
"cuisinier<U+00E8>re","cuisinier<U+00E8>re",6
"cuissons","cuissons",6
"d<U+00E9>finis","d<U+00E9>finis",6
"d<U+00E9>sinfection","d<U+00E9>sinfection",6
"directement","directement",6
"dlc","dlc",6
"espace","espace",6
"fin","fin",6
"g<U+00E9>rez","g<U+00E9>rez",6
"h<U+00F4>tellerie","h<U+00F4>tellerie",6
"int<U+00E9>rimndur<U+00E9>e","int<U+00E9>rimndur<U+00E9>e",6
"jusqu","jusqu",6
"lors","lors",6
"m<U+00E9>langes","m<U+00E9>langes",6
"ma<U+00EE>triser","ma<U+00EE>triser",6
"port","port",6
"premi<U+00E8>re","premi<U+00E8>re",6
"prise","prise",6
"profil","profil",6
"proposant","proposant",6
"quotidienne","quotidienne",6
"r<U+00E9>ceptionner","r<U+00E9>ceptionner",6
"recrutons","recrutons",6
"retraite","retraite",6
"salari<U+00E9>s","salari<U+00E9>s",6
"salle","salle",6
"stock","stock",6
"suivant","suivant",6
"suivre","suivre",6
"traiteur","traiteur",6
"ustensiles","ustensiles",6
"utiliser","utiliser",6
"<U+00E2>g<U+00E9>es","<U+00E2>g<U+00E9>es",5
"<U+00E2>ge","<U+00E2>ge",5
"accompagn<U+00E9>","accompagn<U+00E9>",5
"afin","afin",5
"agroalimentaire","agroalimentaire",5
"aide","aide",5
"aimez","aimez",5
"ambition","ambition",5
"application","application",5
"appliquer","appliquer",5
"apr<U+00E8>s","apr<U+00E8>s",5
"assur<U+00E9>e","assur<U+00E9>e",5
"assur<U+00E9>endescription","assur<U+00E9>endescription",5
"assur<U+00E9>endur<U+00E9>e","assur<U+00E9>endur<U+00E9>e",5
"attendus","attendus",5
"attentes","attentes",5
"avoir","avoir",5
"capacit<U+00E9>","capacit<U+00E9>",5
"changement","changement",5
"chez","chez",5
"concevoir","concevoir",5
"conditionner","conditionner",5
"conform<U+00E9>ment","conform<U+00E9>ment",5
"cong<U+00E9>s","cong<U+00E9>s",5
"cuisin<U+00E9>s","cuisin<U+00E9>s",5
"d<U+00E9>couvrir","d<U+00E9>couvrir",5
"d<U+00E9>di<U+00E9>","d<U+00E9>di<U+00E9>",5
"d<U+00E9>terminer","d<U+00E9>terminer",5
"di<U+00E9>t<U+00E9>tique","di<U+00E9>t<U+00E9>tique",5
"dimanche","dimanche",5
"dynamique","dynamique",5
"effectuez","effectuez",5
"engage","engage",5
"esprit","esprit",5
"expertise","expertise",5
"fabriqu<U+00E9>s","fabriqu<U+00E9>s",5
"financi<U+00E8>re","financi<U+00E8>re",5
"form<U+00E9>","form<U+00E9>",5
"fran<U+00E7>ais","fran<U+00E7>ais",5
"froids","froids",5
"hccp","hccp",5
"horaire","horaire",5
"inventaire","inventaire",5
"minimum","minimum",5
"moyens","moyens",5
"ndescription","ndescription",5
"nettoyer","nettoyer",5
"nformation","nformation",5
"nhoraires","nhoraires",5
"nle","nle",5
"nposte","nposte",5
"outil","outil",5
"ouvert","ouvert",5
"part","part",5
"pendant","pendant",5
"permettre","permettre",5
"plusieurs","plusieurs",5
"pms","pms",5
"pr<U+00E9>parerez","pr<U+00E9>parerez",5
"pr<U+00E9>parez","pr<U+00E9>parez",5
"process","process",5
"producteurs","producteurs",5
"profit","profit",5
"propose","propose",5
"r<U+00E9>f<U+00E9>rence","r<U+00E9>f<U+00E9>rence",5
"r<U+00E9>pondre","r<U+00E9>pondre",5
"rattach<U+00E9>e","rattach<U+00E9>e",5
"relations","relations",5
"rigoureux","rigoureux",5
"salades","salades",5
"samsic","samsic",5
"savoir","savoir",5
"site","site",5
"sp<U+00E9>cialis<U+00E9>e","sp<U+00E9>cialis<U+00E9>e",5
"structure","structure",5
"suite","suite",5
"talents","talents",5
"tattentifvetmotiv<U+00E9>etdynamique","tattentifvetmotiv<U+00E9>etdynamique",5
"tenue","tenue",5
"texcellente","texcellente",5
"traditionnel","traditionnel",5
"type","type",5
"welljob","welljob",5
"zone","zone",5
"<U+00E9>quipement","<U+00E9>quipement",4
"<U+00E9>tablirez","<U+00E9>tablirez",4
"achalander","achalander",4
"adn","adn",4
"animer","animer",4
"aopaoc","aopaoc",4
"appel","appel",4
"arriv<U+00E9>e","arriv<U+00E9>e",4
"auchan","auchan",4
"autocontr<U+00F4>le","autocontr<U+00F4>le",4
"avril","avril",4
"bac","bac",4
"base","base",4
"batterie","batterie",4
"besoin","besoin",4
"bts","bts",4
"cadres","cadres",4
"cahier","cahier",4
"cahiers","cahiers",4
"california","california",4
"charg<U+00E9>e","charg<U+00E9>e",4
"charte","charte",4
"chaude","chaude",4
"chirashi","chirashi",4
"commerciale","commerciale",4
"compter","compter",4
"conditionnements","conditionnements",4
"confiance","confiance",4
"confirm<U+00E9>e","confirm<U+00E9>e",4
"confirm<U+00E9>snma<U+00EE>triser","confirm<U+00E9>snma<U+00EE>triser",4
"consiste","consiste",4
"contribuent","contribuent",4
"convivialit<U+00E9>","convivialit<U+00E9>",4
"coupure","coupure",4
"cours","cours",4
"cr<U+00E9>atif","cr<U+00E9>atif",4
"cuisinenchez","cuisinenchez",4
"d<U+00E9>cliner","d<U+00E9>cliner",4
"d<U+00E9>gustationnentretenir","d<U+00E9>gustationnentretenir",4
"d<U+00E9>tail","d<U+00E9>tail",4
"depuis","depuis",4
"dipl<U+00F4>me","dipl<U+00F4>me",4
"dlcnpr<U+00E9>parer","dlcnpr<U+00E9>parer",4
"dur<U+00E9>e","dur<U+00E9>e",4
"dynamiques","dynamiques",4
"effectuer","effectuer",4
"efficace","efficace",4
"elaboration","elaboration",4
"enfant","enfant",4
"entretiens","entretiens",4
"etc","etc",4
"exig<U+00E9>e","exig<U+00E9>e",4
"exigeants","exigeants",4
"externe","externe",4
"finition","finition",4
"former","former",4
"formes","formes",4
"formidable","formidable",4
"fragiles","fragiles",4
"fromages","fromages",4
"gens","gens",4
"gourmandes","gourmandes",4
"grammage","grammage",4
"grammages","grammages",4
"grill","grill",4
"h<U+00E9>bergement","h<U+00E9>bergement",4
"handicap","handicap",4
"importants","importants",4
"initiaux","initiaux",4
"int<U+00E9>grante","int<U+00E9>grante",4
"intermarch<U+00E9>","intermarch<U+00E9>",4
"internes","internes",4
"japonaise","japonaise",4
"journ<U+00E9>es","journ<U+00E9>es",4
"leclerc","leclerc",4
"livr<U+00E9>es","livr<U+00E9>es",4
"logistique","logistique",4
"maki","maki",4
"marche","marche",4
"marin<U+00E9>","marin<U+00E9>",4
"mensuel","mensuel",4
"modes","modes",4
"monoprix","monoprix",4
"morceaux","morceaux",4
"motiv<U+00E9>","motiv<U+00E9>",4
"n<U+00E9>cessaire","n<U+00E9>cessaire",4
"naccueillir","naccueillir",4
"naturel","naturel",4
"nchez","nchez",4
"nen","nen",4
"nettoyez","nettoyez",4
"nfaire","nfaire",4
"nnettoyage","nnettoyage",4
"nr<U+00E9>aliser","nr<U+00E9>aliser",4
"nrespecter","nrespecter",4
"nsalaire","nsalaire",4
"nveiller","nveiller",4
"oblige","oblige",4
"occuperez","occuperez",4
"op<U+00E9>rations","op<U+00E9>rations",4
"organis<U+00E9>","organis<U+00E9>",4
"ouverture","ouverture",4
"p<U+00E2>tisserie","p<U+00E2>tisserie",4
"partagenchez","partagenchez",4
"partenariats","partenariats",4
"passionn<U+00E9>e","passionn<U+00E9>e",4
"pauses","pauses",4
"pertes","pertes",4
"petite","petite",4
"planning","planning",4
"pleinement","pleinement",4
"point","point",4
"poke","poke",4
"poss<U+00E9>dez","poss<U+00E9>dez",4
"possibilit<U+00E9>","possibilit<U+00E9>",4
"pr<U+00E9><U+00E9>tabli","pr<U+00E9><U+00E9>tabli",4
"pr<U+00E9>paratifsng<U+00E9>rer","pr<U+00E9>paratifsng<U+00E9>rer",4
"pr<U+00E9>vention","pr<U+00E9>vention",4
"privil<U+00E9>gier","privil<U+00E9>gier",4
"pro","pro",4
"proc<U+00E9>dures","proc<U+00E9>dures",4
"produit","produit",4
"professionnalisation","professionnalisation",4
"professionnalisme","professionnalisme",4
"professionnelle","professionnelle",4
"protocole","protocole",4
"puissiez","puissiez",4
"qualit<U+00E9>s","qualit<U+00E9>s",4
"qualitatifs","qualitatifs",4
"quotidien","quotidien",4
"r<U+00E9>sidencenvos","r<U+00E9>sidencenvos",4
"r<U+00E9>sidences","r<U+00E9>sidences",4
"r<U+00E9>veille","r<U+00E9>veille",4
"recherch<U+00E9>","recherch<U+00E9>",4
"risques","risques",4
"riznremplir","riznremplir",4
"rouleaux","rouleaux",4
"roulement","roulement",4
"rythment","rythment",4
"s<U+00E9>lectionn<U+00E9>s","s<U+00E9>lectionn<U+00E9>s",4
"sashimi","sashimi",4
"sectoriser","sectoriser",4
"sensation","sensation",4
"sentiment","sentiment",4
"servicenmettre","servicenmettre",4
"signatures","signatures",4
"situation","situation",4
"social","social",4
"souvenirs","souvenirs",4
"spring","spring",4
"suivinen","suivinen",4
"sushiman","sushiman",4
"sushishop","sushishop",4
"taillage","taillage",4
"technique","technique",4
"termes","termes",4
"tla","tla",4
"toute","toute",4
"tra<U+00E7>abilit<U+00E9>nen","tra<U+00E7>abilit<U+00E9>nen",4
"transport","transport",4
"travers","travers",4
"tsouriantetmotiv<U+00E9>etdynamique","tsouriantetmotiv<U+00E9>etdynamique",4
"valeurs","valeurs",4
"vertus","vertus",4
"vin","vin",4
"vitrines","vitrines",4
"<U+00C9>laborer","<U+00C9>laborer",3
"<U+00E9>tablissements","<U+00E9>tablissements",3
"<U+00E9>tat","<U+00E9>tat",3
"<U+00E9>volutif","<U+00E9>volutif",3
"<U+00E9>volution","<U+00E9>volution",3
"accueil","accueil",3
"actions","actions",3
"activit<U+00E9>s","activit<U+00E9>s",3
"ad<U+00E9>quat","ad<U+00E9>quat",3
"adapt<U+00E9>s","adapt<U+00E9>s",3
"agences","agences",3
"agent","agent",3
"agroalimentaires","agroalimentaires",3
"atout","atout",3
"autorisation","autorisation",3
"bas<U+00E9>","bas<U+00E9>",3
"bruts","bruts",3
"charcuterie","charcuterie",3
"coeurnvous","coeurnvous",3
"compl<U+00E8>te","compl<U+00E8>te",3
"complet","complet",3
"confectionner","confectionner",3
"continue","continue",3
"contribuez","contribuez",3
"coup<U+00E9>s","coup<U+00E9>s",3
"covid","covid",3
"cr<U+00E9>ation","cr<U+00E9>ation",3
"cuire","cuire",3
"cuisinante","cuisinante",3
"cuisiner","cuisiner",3
"cuisinez","cuisinez",3
"cuisiniererenformation","cuisiniererenformation",3
"d<U+00E9>finir","d<U+00E9>finir",3
"d<U+00E9>lais","d<U+00E9>lais",3
"d<U+00E9>marche","d<U+00E9>marche",3
"d<U+00E9>roulement","d<U+00E9>roulement",3
"d<U+00E9>sinfectez","d<U+00E9>sinfectez",3
"directeur","directeur",3
"disposez","disposez",3
"effectuerez","effectuerez",3
"elaborer","elaborer",3
"enfance","enfance",3
"entretenez","entretenez",3
"envoi","envoi",3
"f<U+00E9>vrier","f<U+00E9>vrier",3
"familiale","familiale",3
"fnvos","fnvos",3
"font","font",3
"force","force",3
"froid","froid",3
"fruits","fruits",3
"g<U+00E9>rant","g<U+00E9>rant",3
"garante","garante",3
"garnitures","garnitures",3
"gastronomique","gastronomique",3
"go<U+00FB>t","go<U+00FB>t",3
"grillades","grillades",3
"gustative","gustative",3
"haute","haute",3
"hebdomadaires","hebdomadaires",3
"hnvous","hnvous",3
"industriel","industriel",3
"int<U+00E9>grerez","int<U+00E9>grerez",3
"inventaires","inventaires",3
"jeudi","jeudi",3
"justifiez","justifiez",3
"laboratoire","laboratoire",3
"lits","lits",3
"log<U+00E9>","log<U+00E9>",3
"longue","longue",3
"m<U+00E9>dicalis<U+00E9>e","m<U+00E9>dicalis<U+00E9>e",3
"m<U+00E9>thode","m<U+00E9>thode",3
"m<U+00E9>tiers","m<U+00E9>tiers",3
"mail","mail",3
"mardi","mardi",3
"mat<U+00E9>riels","mat<U+00E9>riels",3
"mercredi","mercredi",3
"mesures","mesures",3
"mettez","mettez",3
"mettrez","mettrez",3
"moins","moins",3
"ntravail","ntravail",3
"nune","nune",3
"op<U+00E9>ratoires","op<U+00E9>ratoires",3
"organis<U+00E9>e","organis<U+00E9>e",3
"outils","outils",3
"ouverte","ouverte",3
"partir","partir",3
"pays","pays",3
"peoplebaby","peoplebaby",3
"platsnanimations","platsnanimations",3
"pleine","pleine",3
"postes","postes",3
"pr<U+00E9>vus","pr<U+00E9>vus",3
"proposer","proposer",3
"proposition","proposition",3
"propret<U+00E9>","propret<U+00E9>",3
"r<U+00E9>aliserez","r<U+00E9>aliserez",3
"reconnue","reconnue",3
"relationnelles","relationnelles",3
"rentabilit<U+00E9>","rentabilit<U+00E9>",3
"saisons","saisons",3
"salon","salon",3
"samedis","samedis",3
"sandwichs","sandwichs",3
"senior","senior",3
"sitenprofil","sitenprofil",3
"souhait<U+00E9>","souhait<U+00E9>",3
"souhait<U+00E9>npermis","souhait<U+00E9>npermis",3
"suppl<U+00E9>mentaires","suppl<U+00E9>mentaires",3
"table","table",3
"tcuisine","tcuisine",3
"temp<U+00E9>rature","temp<U+00E9>rature",3
"temporaire","temporaire",3
"tient","tient",3
"travaillons","travaillons",3
"uniquement","uniquement",3
"utilisatrice","utilisatrice",3
"veille","veille",3
"vider","vider",3
"visuelle","visuelle",3
"vite","vite",3
"<U+00E9>coute","<U+00E9>coute",2
"<U+00E9>ducative","<U+00E9>ducative",2
"<U+00E9>labor<U+00E9>s","<U+00E9>labor<U+00E9>s",2
"<U+00E9>laborer","<U+00E9>laborer",2
"<U+00E9>laborerez","<U+00E9>laborerez",2
"<U+00E9>laborez","<U+00E9>laborez",2
"<U+00E9>leveurs","<U+00E9>leveurs",2
"<U+00E9>pluchage","<U+00E9>pluchage",2
"<U+00E9>plucher","<U+00E9>plucher",2
"<U+00E9>quilibre","<U+00E9>quilibre",2
"<U+00E9>tabli","<U+00E9>tabli",2
"<U+00E9>tablies","<U+00E9>tablies",2
"<U+00E9>troite","<U+00E9>troite",2
"accompagnons","accompagnons",2
"accueillant","accueillant",2
"achats","achats",2
"acteur","acteur",2
"adaptant","adaptant",2
"adultes","adultes",2
"aider","aider",2
"ailleurs","ailleurs",2
"aliments","aliments",2
"amen<U+00E9>","amen<U+00E9>",2
"amen<U+00E9>e","amen<U+00E9>e",2
"analyse","analyse",2
"animation","animation",2
"anticiper","anticiper",2
"appareils","appareils",2
"apprenti","apprenti",2
"approvisionnement","approvisionnement",2
"arrivage","arrivage",2
"assaisonnement","assaisonnement",2
"assiette","assiette",2
"ateliers","ateliers",2
"atouts","atouts",2
"aupr<U+00E8>s","aupr<U+00E8>s",2
"aussi","aussi",2
"autorit<U+00E9>","autorit<U+00E9>",2
"barder","barder",2
"berceaux","berceaux",2
"bio","bio",2
"bonnes","bonnes",2
"boucherie","boucherie",2
"boulangerie","boulangerie",2
"brider","brider",2
"brut","brut",2
"buffets","buffets",2
"caf<U+00E9>t<U+00E9>ria","caf<U+00E9>t<U+00E9>ria",2
"candidature","candidature",2
"capacit<U+00E9>s","capacit<U+00E9>s",2
"celuici","celuici",2
"chacun","chacun",2
"chambre","chambre",2
"chaudstdessertstentretien","chaudstdessertstentretien",2
"cheffe","cheffe",2
"cl<U+00E9>s","cl<U+00E9>s",2
"cluses","cluses",2
"co<U+00FB>ts","co<U+00FB>ts",2
"collectif","collectif",2
"collectivit<U+00C9>","collectivit<U+00C9>",2
"collectivite","collectivite",2
"comme","comme",2
"communaut<U+00E9>","communaut<U+00E9>",2
"compos<U+00E9>e","compos<U+00E9>e",2
"confection","confection",2
"confectionnez","confectionnez",2
"confort","confort",2
"cons<U+00E9>cutifs","cons<U+00E9>cutifs",2
"consommation","consommation",2
"contacter","contacter",2
"contexte","contexte",2
"contre","contre",2
"convention","convention",2
"coop<U+00E9>rative","coop<U+00E9>rative",2
"coup<U+00E9>es","coup<U+00E9>es",2
"coupures","coupures",2
"couvert","couvert",2
"cuisinenhoraires","cuisinenhoraires",2
"cuisinenvous","cuisinenvous",2
"cuisinepr<U+00E9>parer","cuisinepr<U+00E9>parer",2
"cuisini<U+00C8>re","cuisini<U+00C8>re",2
"cuisinierendur<U+00E9>e","cuisinierendur<U+00E9>e",2
"cuisinierenformation","cuisinierenformation",2
"cuisinierre","cuisinierre",2
"d<U+00E9>butante","d<U+00E9>butante",2
"d<U+00E9>ficience","d<U+00E9>ficience",2
"d<U+00E9>part","d<U+00E9>part",2
"d<U+00E9>velopper","d<U+00E9>velopper",2
"dates","dates",2
"dessert","dessert",2
"devrez","devrez",2
"disponibilit<U+00E9>","disponibilit<U+00E9>",2
"domaine","domaine",2
"dont","dont",2
"dosage","dosage",2
"dotations","dotations",2
"durant","durant",2
"enfin","enfin",2
"enti<U+00E8>rement","enti<U+00E8>rement",2
"entr<U+00E9>e","entr<U+00E9>e",2
"environ","environ",2
"environnement","environnement",2
"equipe","equipe",2
"essentiellement","essentiellement",2
"exig<U+00E9>","exig<U+00E9>",2
"exigences","exigences",2
"exp<U+00E9>riment<U+00E9>","exp<U+00E9>riment<U+00E9>",2
"experience","experience",2
"f<U+00EA>tes","f<U+00EA>tes",2
"faut","faut",2
"finis","finis",2
"fixe","fixe",2
"fndur<U+00E9>e","fndur<U+00E9>e",2
"fnmissions","fnmissions",2
"fnnous","fnnous",2
"fournisseurs","fournisseurs",2
"fran<U+00E7>aise","fran<U+00E7>aise",2
"futur","futur",2
"g<U+00E9>n<U+00E9>ral","g<U+00E9>n<U+00E9>ral",2
"gouvernement","gouvernement",2
"h<U+00F4>tel","h<U+00F4>tel",2
"haccpnprofil","haccpnprofil",2
"hospitali<U+00E8>re","hospitali<U+00E8>re",2
"hospitalier","hospitalier",2
"hygi<U+00E8>nes","hygi<U+00E8>nes",2
"id<U+00E9>alement","id<U+00E9>alement",2
"imm<U+00E9>diatement","imm<U+00E9>diatement",2
"indispensable","indispensable",2
"industriels","industriels",2
"int<U+00E9>grer","int<U+00E9>grer",2
"int<U+00E9>grez","int<U+00E9>grez",2
"intervenez","intervenez",2
"japonais","japonais",2
"journposte","journposte",2
"lendemain","lendemain",2
"liaison","liaison",2
"limites","limites",2
"liss<U+00E9>","liss<U+00E9>",2
"locale","locale",2
"locauxntravail","locauxntravail",2
"long","long",2
"m<U+00E9>langer","m<U+00E9>langer",2
"ma<U+00EE>trisez","ma<U+00EE>trisez",2
"magasin","magasin",2
"maitrise","maitrise",2
"manager","manager",2
"mani<U+00E8>re","mani<U+00E8>re",2
"mati<U+00E8>res","mati<U+00E8>res",2
"matin","matin",2
"mer","mer",2
"mets","mets",2
"midis","midis",2
"milieu","milieu",2
"mineurs","mineurs",2
"mix<U+00E9>s","mix<U+00E9>s",2
"mobilier","mobilier",2
"moisnmoyen","moisnmoyen",2
"montbrison","montbrison",2
"n<U+00E9>cessaires","n<U+00E9>cessaires",2
"ncuisine","ncuisine",2
"nembauche","nembauche",2
"nnous","nnous",2
"nouveaux","nouveaux",2
"nouvelles","nouvelles",2
"nvos","nvos",2
"octobre","octobre",2
"ouvriers","ouvriers",2
"p<U+00E9>rim<U+00E8>tre","p<U+00E9>rim<U+00E8>tre",2
"pain","pain",2
"parc","parc",2
"partenaire","partenaire",2
"participation","participation",2
"participerez","participerez",2
"pause","pause",2
"personne","personne",2
"pesagenvous","pesagenvous",2
"pizzas","pizzas",2
"plat","plat",2
"postetpr<U+00E9>parations","postetpr<U+00E9>parations",2
"pourrez","pourrez",2
"pouvant","pouvant",2
"pouvez","pouvez",2
"pr<U+00E9>par<U+00E9>s","pr<U+00E9>par<U+00E9>s",2
"pr<U+00E9>pare","pr<U+00E9>pare",2
"pr<U+00E9>vu","pr<U+00E9>vu",2
"pratiques","pratiques",2
"prestations","prestations",2
"preuve","preuve",2
"primes","primes",2
"processus","processus",2
"produitstnettoyage","produitstnettoyage",2
"professionnels","professionnels",2
"profils","profils",2
"propos<U+00E9>es","propos<U+00E9>es",2
"propos<U+00E9>s","propos<U+00E9>s",2
"protection","protection",2
"provence","provence",2
"quelques","quelques",2
"r<U+00E9>alis<U+00E9>e","r<U+00E9>alis<U+00E9>e",2
"r<U+00E9>chauffage","r<U+00E9>chauffage",2
"r<U+00E9>guli<U+00E8>rement","r<U+00E9>guli<U+00E8>rement",2
"r<U+00E9>ussie","r<U+00E9>ussie",2
"ranger","ranger",2
"renom","renom",2
"renouvel<U+00E9>","renouvel<U+00E9>",2
"renouvellement","renouvellement",2
"repasnvous","repasnvous",2
"requise","requise",2
"requises","requises",2
"reso","reso",2
"respecterez","respecterez",2
"respectez","respectez",2
"restaurants","restaurants",2
"rotation","rotation",2
"route","route",2
"salaire","salaire",2
"sanitairenvous","sanitairenvous",2
"sanitaires","sanitaires",2
"secteurs","secteurs",2
"semaines","semaines",2
"seniors","seniors",2
"signaler","signaler",2
"similaire","similaire",2
"simples","simples",2
"sols","sols",2
"souhait<U+00E9>e","souhait<U+00E9>e",2
"souhaitez","souhaitez",2
"sp<U+00E9>cialit<U+00E9>s","sp<U+00E9>cialit<U+00E9>s",2
"strict","strict",2
"suivants","suivants",2
"taide","taide",2
"taux","taux",2
"temp<U+00E9>ratures","temp<U+00E9>ratures",2
"temporis","temporis",2
"tentr<U+00E9>es","tentr<U+00E9>es",2
"tenues","tenues",2
"territoire","territoire",2
"tertiaire","tertiaire",2
"tle","tle",2
"tmise","tmise",2
"tnormes","tnormes",2
"toutes","toutes",2
"tplats","tplats",2
"trancher","trancher",2
"travaill<U+00E9>","travaill<U+00E9>",2
"travailleurs","travailleurs",2
"travailtplongenprofil","travailtplongenprofil",2
"vallons","vallons",2
"vendredis","vendredis",2
"viande","viande",2
"<U+00C9>laborez","<U+00C9>laborez",1
"<U+00C9>leveurs","<U+00C9>leveurs",1
"<U+00C9>pluchage","<U+00C9>pluchage",1
"<U+00E8>me","<U+00E8>me",1
"<U+00E9>coles","<U+00E9>coles",1
"<U+00E9>coulement","<U+00E9>coulement",1
"<U+00E9>l<U+00E8>ves","<U+00E9>l<U+00E8>ves",1
"<U+00E9>l<U+00E9>ment","<U+00E9>l<U+00E9>ment",1
"<U+00E9>l<U+00E9>ments","<U+00E9>l<U+00E9>ments",1
"<U+00E9>lectrom<U+00E9>nagers","<U+00E9>lectrom<U+00E9>nagers",1
"<U+00E9>mincer","<U+00E9>mincer",1
"<U+00E9>panouir","<U+00E9>panouir",1
"<U+00E9>quilibr<U+00E9>e","<U+00E9>quilibr<U+00E9>e",1
"<U+00E9>quilibr<U+00E9>s","<U+00E9>quilibr<U+00E9>s",1
"<U+00E9>quip<U+00E9>e","<U+00E9>quip<U+00E9>e",1
"<U+00E9>quipementsafin","<U+00E9>quipementsafin",1
"<U+00E9>quipementsentretenir","<U+00E9>quipementsentretenir",1
"<U+00E9>quipementsnhoraires","<U+00E9>quipementsnhoraires",1
"<U+00E9>quipementsveiller","<U+00E9>quipementsveiller",1
"<U+00E9>quipencuisine","<U+00E9>quipencuisine",1
"<U+00E9>quipennos","<U+00E9>quipennos",1
"<U+00E9>quipentravail","<U+00E9>quipentravail",1
"<U+00E9>quipesbienveillance","<U+00E9>quipesbienveillance",1
"<U+00E9>quipetorganisation","<U+00E9>quipetorganisation",1
"<U+00E9>quivalent","<U+00E9>quivalent",1
"<U+00E9>tablisnvous","<U+00E9>tablisnvous",1
"<U+00E9>tiqueter","<U+00E9>tiqueter",1
"<U+00E9>toile","<U+00E9>toile",1
"<U+00E9>toilesnvous","<U+00E9>toilesnvous",1
"<U+00E9>tudi<U+00E9>s","<U+00E9>tudi<U+00E9>s",1
"<U+00E9>v<U+00E8>nement","<U+00E9>v<U+00E8>nement",1
"<U+00E9>v<U+00E8>nementielle","<U+00E9>v<U+00E8>nementielle",1
"<U+00E9>ventuellement","<U+00E9>ventuellement",1
"<U+00E9>videmment","<U+00E9>videmment",1
"<U+0153>uvretransporter","<U+0153>uvretransporter",1
"abalone","abalone",1
"abreschviller","abreschviller",1
"absence","absence",1
"accent","accent",1
"accept<U+00E9>","accept<U+00E9>",1
"accessible","accessible",1
"accompagnement","accompagnement",1
"accompagnements","accompagnements",1
"accompagnera","accompagnera",1
"accomplir","accomplir",1
"accord","accord",1
"accueille","accueille",1
"accueillies","accueillies",1
"accueilliesnvous","accueilliesnvous",1
"accueillis","accueillis",1
"acompte","acompte",1
"acquises","acquises",1
"activement","activement",1
"actualit<U+00E9>","actualit<U+00E9>",1
"adapt<U+00E9>es","adapt<U+00E9>es",1
"administrative","administrative",1
"adresse","adresse",1
"agricole","agricole",1
"aiderez","aiderez",1
"aides","aides",1
"aine","aine",1
"aire","aire",1
"alentours","alentours",1
"alimentairesnproduisez","alimentairesnproduisez",1
"alimentairesnvous","alimentairesnvous",1
"alimentairestnettoyer","alimentairestnettoyer",1
"alimentation","alimentation",1
"alimentez","alimentez",1
"alisfanreprise","alisfanreprise",1
"allonnes","allonnes",1
"allotissement","allotissement",1
"alors","alors",1
"alternance","alternance",1
"ambiance","ambiance",1
"amuse","amuse",1
"anciennet<U+00E9>","anciennet<U+00E9>",1
"angers","angers",1
"angouleme","angouleme",1
"anim<U+00E9>","anim<U+00E9>",1
"animations","animations",1
"ann<U+00E9>cien","ann<U+00E9>cien",1
"annecy","annecy",1
"annexes","annexes",1
"annuelle","annuelle",1
"annuels","annuels",1
"anticipant","anticipant",1
"anticipez","anticipez",1
"app<U+00E9>tence","app<U+00E9>tence",1
"appliquant","appliquant",1
"appliquerez","appliquerez",1
"apport","apport",1
"appr<U+00E9>ci<U+00E9>es","appr<U+00E9>ci<U+00E9>es",1
"appr<U+00E9>ciez","appr<U+00E9>ciez",1
"apprentie","apprentie",1
"apprentissagensous","apprentissagensous",1
"approvisionnements","approvisionnements",1
"approvisionner","approvisionner",1
"approximative","approximative",1
"aptitudes","aptitudes",1
"arbor<U+00E9>","arbor<U+00E9>",1
"ardoise","ardoise",1
"argens","argens",1
"argenteuil","argenteuil",1
"arr<U+00EA>t","arr<U+00EA>t",1
"arrivera","arrivera",1
"artisanat","artisanat",1
"artisans","artisans",1
"asi","asi",1
"asiatiques","asiatiques",1
"aspect","aspect",1
"aspects","aspects",1
"assaisonnements","assaisonnements",1
"assemblages","assemblages",1
"assiettes","assiettes",1
"assisterez","assisterez",1
"association","association",1
"associatives","associatives",1
"assur<U+00E9>","assur<U+00E9>",1
"assur<U+00E9>ecap","assur<U+00E9>ecap",1
"assurant","assurant",1
"astreinte","astreinte",1
"atteint","atteint",1
"attend","attend",1
"attrayante","attrayante",1
"attributions","attributions",1
"augmentation","augmentation",1
"aujourdhui","aujourdhui",1
"auray","auray",1
"autant","autant",1
"autocontr<U+00F4>les","autocontr<U+00F4>les",1
"autonomensavoir","autonomensavoir",1
"autour","autour",1
"autre","autre",1
"autres","autres",1
"avantage","avantage",1
"avantages","avantages",1
"aventure","aventure",1
"b<U+00E9>b<U+00E9>s","b<U+00E9>b<U+00E9>s",1
"b<U+00E9>n<U+00E9>fices","b<U+00E9>n<U+00E9>fices",1
"b<U+00E9>n<U+00E9>ficier","b<U+00E9>n<U+00E9>ficier",1
"bais","bais",1
"banquets","banquets",1
"barbezieux","barbezieux",1
"barderr<U+00E9>aliser","barderr<U+00E9>aliser",1
"barquettes","barquettes",1
"basse","basse",1
"bassin","bassin",1
"battavoine","battavoine",1
"beau","beau",1
"belle","belle",1
"bethune","bethune",1
"biais","biais",1
"bien","bien",1
"bilan","bilan",1
"bin<U+00F4>me","bin<U+00F4>me",1
"bistronomique","bistronomique",1
"blanchirpr<U+00E9>parer","blanchirpr<U+00E9>parer",1
"bombanne","bombanne",1
"bonifacio","bonifacio",1
"bons","bons",1
"book","book",1
"bord","bord",1
"bordelaise","bordelaise",1
"bouche","bouche",1
"bouches","bouches",1
"boulanger","boulanger",1
"brasserie","brasserie",1
"bretagne","bretagne",1
"brochettes","brochettes",1
"broglin","broglin",1
"buffet","buffet",1
"burgers","burgers",1
"burgersveiller","burgersveiller",1
"c<U+00E9>r<U+00E9>monies","c<U+00E9>r<U+00E9>monies",1
"cabourg","cabourg",1
"caen","caen",1
"caf<U+00E9>s","caf<U+00E9>s",1
"calmontnau","calmontnau",1
"campeurs","campeurs",1
"camping","camping",1
"candidat","candidat",1
"candidats","candidats",1
"capable","capable",1
"capbep","capbep",1
"carcan","carcan",1
"cartenservice","cartenservice",1
"cartes","cartes",1
"catalan","catalan",1
"cdinr<U+00E9>mun<U+00E9>ration","cdinr<U+00E9>mun<U+00E9>ration",1
"cdt","cdt",1
"centr<U+00E9>es","centr<U+00E9>es",1
"certains","certains",1
"cesse","cesse",1
"cfa","cfa",1
"ch<U+00E2>teau","ch<U+00E2>teau",1
"cha<U+00EE>ne","cha<U+00EE>ne",1
"chaises","chaises",1
"chambrenrigoureux","chambrenrigoureux",1
"chambres","chambres",1
"chamonix","chamonix",1
"champignons","champignons",1
"charcuteries","charcuteries",1
"charg<U+00E9>","charg<U+00E9>",1
"chateaubriant","chateaubriant",1
"chateaubriantnmissions","chateaubriantnmissions",1
"chaudstpr<U+00E9>paration","chaudstpr<U+00E9>paration",1
"chefs","chefs",1
"chercheur","chercheur",1
"cherchez","cherchez",1
"chiffres","chiffres",1
"chocolaterie","chocolaterie",1
"choix","choix",1
"cl<U+00E9>","cl<U+00E9>",1
"clientsnau","clientsnau",1
"clientstservicenprofil","clientstservicenprofil",1
"clienttentretient","clienttentretient",1
"co<U+00FB>t","co<U+00FB>t",1
"coanimer","coanimer",1
"cocktailsnposte","cocktailsnposte",1
"collaborateur","collaborateur",1
"collaborateursnvous","collaborateursnvous",1
"collectifs","collectifs",1
"collectives","collectives",1
"collectivit<U+00E9>nvous","collectivit<U+00E9>nvous",1
"colombe","colombe",1
"command<U+00E9>es","command<U+00E9>es",1
"commande","commande",1
"commander","commander",1
"commandess<U+00E9>lectionner","commandess<U+00E9>lectionner",1
"commencer","commencer",1
"commerciales","commerciales",1
"commercialisation","commercialisation",1
"commis","commis",1
"commune","commune",1
"communication","communication",1
"comportant","comportant",1
"composantes","composantes",1
"compris","compris",1
"comptage","comptage",1
"comptoirnle","comptoirnle",1
"concept","concept",1
"conception","conception",1
"conceptions","conceptions",1
"concernant","concernant",1
"concluante","concluante",1
"conditions","conditions",1
"confectionnerez","confectionnerez",1
"confi<U+00E9>s","confi<U+00E9>s",1
"confinement","confinement",1
"confinementmidi","confinementmidi",1
"confirmer","confirmer",1
"conformes","conformes",1
"conformit<U+00E9>","conformit<U+00E9>",1
"connait","connait",1
"connaitre","connaitre",1
"cons<U+00E9>cutif","cons<U+00E9>cutif",1
"conseiller","conseiller",1
"conservation","conservation",1
"consistance","consistance",1
"constante","constante",1
"contactez","contactez",1
"containers","containers",1
"contenu","contenu",1
"continues","continues",1
"continuit<U+00E9>","continuit<U+00E9>",1
"continus","continus",1
"contr<U+00F4>lerez","contr<U+00F4>lerez",1
"contr<U+00F4>lez","contr<U+00F4>lez",1
"contractuels","contractuels",1
"contraintes","contraintes",1
"contrats","contrats",1
"contribuer","contribuer",1
"controlez","controlez",1
"convenir","convenir",1
"convient","convient",1
"conviviale","conviviale",1
"coordonner","coordonner",1
"coq","coq",1
"correspondez","correspondez",1
"correspondre","correspondre",1
"cot<U+00E9>","cot<U+00E9>",1
"couleur","couleur",1
"couper","couper",1
"couple","couple",1
"cout","cout",1
"couvertslexp<U+00E9>rience","couvertslexp<U+00E9>rience",1
"couvrefeu","couvrefeu",1
"cr<U+00E9>ativit<U+00E9>","cr<U+00E9>ativit<U+00E9>",1
"cr<U+00E9>er","cr<U+00E9>er",1
"cr<U+00E9>olesnvous","cr<U+00E9>olesnvous",1
"crise","crise",1
"crit<U+00E8>res","crit<U+00E8>res",1
"croquesmonsieur","croquesmonsieur",1
"cuisinendate","cuisinendate",1
"cuisinenjours","cuisinenjours",1
"cuisinenniveau","cuisinenniveau",1
"cuisinenprofil","cuisinenprofil",1
"cuisinensalaire","cuisinensalaire",1
"cuisinerez","cuisinerez",1
"cuisinerntravail","cuisinerntravail",1
"cuisines","cuisines",1
"cuisinetencaissementtproductionnprofil","cuisinetencaissementtproductionnprofil",1
"cuisini<U+00E8>renvotre","cuisini<U+00E8>renvotre",1
"cuisinier<U+00E8>renle","cuisinier<U+00E8>renle",1
"cuisinierere","cuisinierere",1
"cuisiniernen","cuisiniernen",1
"cuisiniernvos","cuisiniernvos",1
"cuisinierrendur<U+00E9>e","cuisinierrendur<U+00E9>e",1
"cuisiniersnvous","cuisiniersnvous",1
"cuisnier","cuisnier",1
"cuites","cuites",1
"culinairescuire","culinairescuire",1
"culinairesdoser","culinairesdoser",1
"cycle","cycle",1
"d<U+00E9>but","d<U+00E9>but",1
"d<U+00E9>butant","d<U+00E9>butant",1
"d<U+00E9>cembre","d<U+00E9>cembre",1
"d<U+00E9>cembrenvos","d<U+00E9>cembrenvos",1
"d<U+00E9>chets","d<U+00E9>chets",1
"d<U+00E9>chetsnrespectez","d<U+00E9>chetsnrespectez",1
"d<U+00E9>cision","d<U+00E9>cision",1
"d<U+00E9>conditionnement","d<U+00E9>conditionnement",1
"d<U+00E9>coupenprofil","d<U+00E9>coupenprofil",1
"d<U+00E9>couperez","d<U+00E9>couperez",1
"d<U+00E9>di<U+00E9>s","d<U+00E9>di<U+00E9>s",1
"d<U+00E9>faut","d<U+00E9>faut",1
"d<U+00E9>fini","d<U+00E9>fini",1
"d<U+00E9>finition","d<U+00E9>finition",1
"d<U+00E9>finitive","d<U+00E9>finitive",1
"d<U+00E9>g<U+00E2>t","d<U+00E9>g<U+00E2>t",1
"d<U+00E9>guster","d<U+00E9>guster",1
"d<U+00E9>lai","d<U+00E9>lai",1
"d<U+00E9>partemental","d<U+00E9>partemental",1
"d<U+00E9>pendantes","d<U+00E9>pendantes",1
"d<U+00E9>placement","d<U+00E9>placement",1
"d<U+00E9>tenez","d<U+00E9>tenez",1
"d<U+00E9>termin<U+00E9>e","d<U+00E9>termin<U+00E9>e",1
"d<U+00E9>veloppe","d<U+00E9>veloppe",1
"d<U+00E9>velopperez","d<U+00E9>velopperez",1
"date","date",1
"debout","debout",1
"degr<U+00E9>s","degr<U+00E9>s",1
"del<U+00E0>","del<U+00E0>",1
"demand<U+00E9>envous","demand<U+00E9>envous",1
"demand<U+00E9>s","demand<U+00E9>s",1
"dessertsneffectuer","dessertsneffectuer",1
"dessertsnle","dessertsnle",1
"dessertstentretien","dessertstentretien",1
"destination","destination",1
"deuxndans","deuxndans",1
"devis","devis",1
"devra","devra",1
"di<U+00E9>t<U+00E9>ticienne","di<U+00E9>t<U+00E9>ticienne",1
"diamantine","diamantine",1
"digestive","digestive",1
"dimanchenle","dimanchenle",1
"dimanchenprofil","dimanchenprofil",1
"dipl<U+00D4>meen<U+00E0>","dipl<U+00D4>meen<U+00E0>",1
"diriger","diriger",1
"disponible","disponible",1
"divers","divers",1
"diversit<U+00E9>","diversit<U+00E9>",1
"doit","doit",1
"donc","donc",1
"donn<U+00E9>es","donn<U+00E9>es",1
"doser","doser",1
"dresser","dresser",1
"drive","drive",1
"durablement","durablement",1
"durablenposte","durablenposte",1
"dynamiquenprise","dynamiquenprise",1
"dynamisme","dynamisme",1
"ecole","ecole",1
"effectivit<U+00E9>","effectivit<U+00E9>",1
"efficacement","efficacement",1
"ehpadnvous","ehpadnvous",1
"employeurncomp<U+00E9>tence","employeurncomp<U+00E9>tence",1
"employeursalaire","employeursalaire",1
"encadre","encadre",1
"encadrement","encadrement",1
"encaisser","encaisser",1
"enfantsnle","enfantsnle",1
"engag<U+00E9>e","engag<U+00E9>e",1
"engagements","engagements",1
"engagent","engagent",1
"enregistrement","enregistrement",1
"ensemblenr<U+00E9>mun<U+00E9>ration","ensemblenr<U+00E9>mun<U+00E9>ration",1
"entr<U+00E9>estpr<U+00E9>paration","entr<U+00E9>estpr<U+00E9>paration",1
"entre","entre",1
"entreprisepr<U+00E9>parer","entreprisepr<U+00E9>parer",1
"envie","envie",1
"environs","environs",1
"envoinprofil","envoinprofil",1
"epluchage","epluchage",1
"esat","esat",1
"espaces","espaces",1
"essai","essai",1
"essentiel","essentiel",1
"estivalenle","estivalenle",1
"etablissement","etablissement",1
"etablissementnrespecter","etablissementnrespecter",1
"etcmettre","etcmettre",1
"etcnvous","etcnvous",1
"etupes","etupes",1
"euse","euse",1
"except<U+00E9>","except<U+00E9>",1
"exceptionnel","exceptionnel",1
"exceptionnellement","exceptionnellement",1
"exercez","exercez",1
"exig<U+00E9>estaux","exig<U+00E9>estaux",1
"exp<U+00E9>riencendate","exp<U+00E9>riencendate",1
"exp<U+00E9>riencesncv","exp<U+00E9>riencesncv",1
"exp<U+00E9>riment<U+00E9>e","exp<U+00E9>riment<U+00E9>e",1
"ext<U+00E9>rieurnla","ext<U+00E9>rieurnla",1
"ext<U+00E9>rieursnlagent","ext<U+00E9>rieursnlagent",1
"extra","extra",1
"f<U+00E9>culents","f<U+00E9>culents",1
"f<U+00E9>ri<U+00E9>s","f<U+00E9>ri<U+00E9>s",1
"f<U+00E9>ri<U+00E9>snmutuelle","f<U+00E9>ri<U+00E9>snmutuelle",1
"fabrications","fabrications",1
"fabriquerez","fabriquerez",1
"fabriquons","fabriquons",1
"face","face",1
"factures","factures",1
"familial","familial",1
"famille","famille",1
"famillennous","famillennous",1
"farcies","farcies",1
"ferez","ferez",1
"ferm<U+00E9>","ferm<U+00E9>",1
"fermes","fermes",1
"fermeture","fermeture",1
"fiers","fiers",1
"figeac","figeac",1
"filiale","filiale",1
"filtre","filtre",1
"finesse","finesse",1
"fixes","fixes",1
"flaine","flaine",1
"flamber","flamber",1
"flux","flux",1
"fnlagence","fnlagence",1
"fnnotre","fnnotre",1
"fnprincipales","fnprincipales",1
"fntemporis","fntemporis",1
"fnvous","fnvous",1
"fois","fois",1
"fonctionnels","fonctionnels",1
"fonctionnementnentretenez","fonctionnementnentretenez",1
"fond<U+00E9>","fond<U+00E9>",1
"fondamental","fondamental",1
"forbach","forbach",1
"formationhoraire","formationhoraire",1
"formationnvos","formationnvos",1
"formations","formations",1
"forme","forme",1
"formule","formule",1
"fort","fort",1
"forte","forte",1
"four","four",1
"fourni","fourni",1
"fourniescompl<U+00E9>mentaire","fourniescompl<U+00E9>mentaire",1
"fournis","fournis",1
"fr<U+00E9>quent<U+00E9>","fr<U+00E9>quent<U+00E9>",1
"fran<U+00E7>aises","fran<U+00E7>aises",1
"francojapoanise","francojapoanise",1
"frire","frire",1
"fritesnembauche","fritesnembauche",1
"froidtnettoyage","froidtnettoyage",1
"froidtnormes","froidtnormes",1
"fruitsnprise","fruitsnprise",1
"fruitspr<U+00E9>parer","fruitspr<U+00E9>parer",1
"fusilles","fusilles",1
"fusion","fusion",1
"g<U+00E9>n<U+00E9>raliste","g<U+00E9>n<U+00E9>raliste",1
"g<U+00E9>rante","g<U+00E9>rante",1
"garant","garant",1
"garantir","garantir",1
"garantissez","garantissez",1
"garantit","garantit",1
"garches","garches",1
"garde","garde",1
"garder","garder",1
"gardiennhoraires","gardiennhoraires",1
"garenne","garenne",1
"garnituresassurer","garnituresassurer",1
"gassin","gassin",1
"gastro","gastro",1
"gastronomie","gastronomie",1
"gastronomieinstaller","gastronomieinstaller",1
"gestionnaire","gestionnaire",1
"gironde","gironde",1
"globale","globale",1
"gmailcom","gmailcom",1
"gouvernementale","gouvernementale",1
"goven","goven",1
"gr<U+00E2>ce","gr<U+00E2>ce",1
"grezieuvarenne","grezieuvarenne",1
"grilardin","grilardin",1
"grillade","grillade",1
"grilladeentretien","grilladeentretien",1
"grilladeremonter","grilladeremonter",1
"grilladin","grilladin",1
"gros","gros",1
"guchennau","guchennau",1
"guide","guide",1
"h<U+00E9>berg<U+00E9>e","h<U+00E9>berg<U+00E9>e",1
"h<U+00E9>berg<U+00E9>es","h<U+00E9>berg<U+00E9>es",1
"h<U+00E9>liades","h<U+00E9>liades",1
"h<U+00F4>teliernvous","h<U+00F4>teliernvous",1
"habitants","habitants",1
"haccpformation","haccpformation",1
"haccpmettre","haccpmettre",1
"haccpncuisine","haccpncuisine",1
"haccpndynamique","haccpndynamique",1
"hach<U+00E9>","hach<U+00E9>",1
"hach<U+00E9>s","hach<U+00E9>s",1
"hachis","hachis",1
"hacppnvous","hacppnvous",1
"hamburgers","hamburgers",1
"haricots","haricots",1
"hebdomadaire","hebdomadaire",1
"hebdomadairesnle","hebdomadairesnle",1
"hfnrestaurant","hfnrestaurant",1
"hhncap","hhncap",1
"hhndautres","hhndautres",1
"hhnplanning","hhnplanning",1
"hhnurgent","hhnurgent",1
"hilairenil","hilairenil",1
"hnhoraires","hnhoraires",1
"hnmerci","hnmerci",1
"hnprofil","hnprofil",1
"hnr<U+00E9>mun<U+00E9>ration","hnr<U+00E9>mun<U+00E9>ration",1
"house","house",1
"humaine","humaine",1
"humeur","humeur",1
"hvous","hvous",1
"hygi<U+00E8>nenprofils","hygi<U+00E8>nenprofils",1
"i<U+00E8>re","i<U+00E8>re",1
"identique","identique",1
"imaginative","imaginative",1
"imm<U+00E9>diate","imm<U+00E9>diate",1
"imm<U+00E9>diatenlemployeur","imm<U+00E9>diatenlemployeur",1
"imm<U+00E9>diatenr<U+00E9>mun<U+00E9>ration","imm<U+00E9>diatenr<U+00E9>mun<U+00E9>ration",1
"immediat","immediat",1
"imp<U+00E9>ratif","imp<U+00E9>ratif",1
"imp<U+00E9>rativement","imp<U+00E9>rativement",1
"imp<U+00E9>rativentype","imp<U+00E9>rativentype",1
"impatients","impatients",1
"implant<U+00E9>e","implant<U+00E9>e",1
"impliqu<U+00E9>e","impliqu<U+00E9>e",1
"impliquer","impliquer",1
"important","important",1
"incarne","incarne",1
"inclusemerci","inclusemerci",1
"inclusncv","inclusncv",1
"ind<U+00E9>pendant","ind<U+00E9>pendant",1
"individuelle","individuelle",1
"industrie","industrie",1
"industrielle","industrielle",1
"influence","influence",1
"influences","influences",1
"inform<U+00E9>s","inform<U+00E9>s",1
"informatique","informatique",1
"informatiquencdd","informatiquencdd",1
"inhouse","inhouse",1
"innovante","innovante",1
"innovation","innovation",1
"inscrit","inscrit",1
"inscrivez","inscrivez",1
"install<U+00E9>","install<U+00E9>",1
"instructions","instructions",1
"int<U+00E9>gration","int<U+00E9>gration",1
"int<U+00E9>r<U+00EA>t","int<U+00E9>r<U+00EA>t",1
"int<U+00E9>resse","int<U+00E9>resse",1
"int<U+00E9>rieur","int<U+00E9>rieur",1
"int<U+00E9>rimairesnlesprit","int<U+00E9>rimairesnlesprit",1
"intellectuelletma<U+00EE>trise","intellectuelletma<U+00EE>trise",1
"intercommunal","intercommunal",1
"interim","interim",1
"internationalnapporteur","internationalnapporteur",1
"interne","interne",1
"interroger","interroger",1
"investir","investir",1
"invit<U+00E9>s","invit<U+00E9>s",1
"issu","issu",1
"issue","issue",1
"janvierd<U+00E9>but","janvierd<U+00E9>but",1
"janviernau","janviernau",1
"janvierncdd","janvierncdd",1
"japonaises","japonaises",1
"jean","jean",1
"jeudis","jeudis",1
"jeune","jeune",1
"jobhrdrh","jobhrdrh",1
"joue","joue",1
"journ<U+00E9>enport","journ<U+00E9>enport",1
"journ<U+00E9>envous","journ<U+00E9>envous",1
"journalier","journalier",1
"journle","journle",1
"joursnmoyen","joursnmoyen",1
"jourssi","jourssi",1
"juillet","juillet",1
"juridique","juridique",1
"jusque","jusque",1
"jutages","jutages",1
"kebabs","kebabs",1
"kelly","kelly",1
"korian","korian",1
"l<U+00E9>gislation","l<U+00E9>gislation",1
"l<U+00E9>gumesdresser","l<U+00E9>gumesdresser",1
"lancer","lancer",1
"lasagnes","lasagnes",1
"lendemainen","lendemainen",1
"lesquelles","lesquelles",1
"lettre","lettre",1
"liaisons","liaisons",1
"libert<U+00E9>","libert<U+00E9>",1
"libre","libre",1
"lieu","lieu",1
"lignes","lignes",1
"limite","limite",1
"livraisonsnprofil","livraisonsnprofil",1
"locales","locales",1
"location","location",1
"locauxnvous","locauxnvous",1
"logement","logement",1
"logistiques","logistiques",1
"loisirs","loisirs",1
"lombezsamatannrecrute","lombezsamatannrecrute",1
"lorquin","lorquin",1
"lots","lots",1
"ludo","ludo",1
"ludovic","ludovic",1
"lundis","lundis",1
"luz","luz",1
"lyon","lyon",1
"m<U+00E8>tres","m<U+00E8>tres",1
"m<U+00E9>decin","m<U+00E9>decin",1
"m<U+00E9>dicales","m<U+00E9>dicales",1
"m<U+00E9>doc","m<U+00E9>doc",1
"m<U+00E9>lange","m<U+00E9>lange",1
"m<U+00E9>langeurs","m<U+00E9>langeurs",1
"m<U+00E9>nager","m<U+00E9>nager",1
"m<U+00E9>thodique","m<U+00E9>thodique",1
"m<U+00E9>ticuleux","m<U+00E9>ticuleux",1
"m<U+00E9>ticulosit<U+00E9>","m<U+00E9>ticulosit<U+00E9>",1
"machine","machine",1
"magno","magno",1
"maiche","maiche",1
"maintenance","maintenance",1
"maintenant","maintenant",1
"maintenir","maintenir",1
"mairie","mairie",1
"maitre","maitre",1
"majeur","majeur",1
"major<U+00E9>es","major<U+00E9>es",1
"maladie","maladie",1
"malheureusement","malheureusement",1
"mallemortnnotre","mallemortnnotre",1
"mallemortnvos","mallemortnvos",1
"management","management",1
"manque","manque",1
"manutention","manutention",1
"mar<U+00E9>envos","mar<U+00E9>envos",1
"marcel","marcel",1
"marchandise","marchandise",1
"mardis","mardis",1
"mariant","mariant",1
"mariner","mariner",1
"mars","mars",1
"mas","mas",1
"masques","masques",1
"masseubenau","masseubenau",1
"mat<U+00E9>rielentretenir","mat<U+00E9>rielentretenir",1
"mat<U+00E9>rielnlien","mat<U+00E9>rielnlien",1
"mat<U+00E9>rielstravail","mat<U+00E9>rielstravail",1
"mat<U+00E9>rieltdater","mat<U+00E9>rieltdater",1
"maturit<U+00E9>","maturit<U+00E9>",1
"maxi","maxi",1
"maximum","maximum",1
"medicis","medicis",1
"meilleurs","meilleurs",1
"membre","membre",1
"mener","mener",1
"mental","mental",1
"mentale","mentale",1
"merci","merci",1
"mercredis","mercredis",1
"messagerie","messagerie",1
"miavril","miavril",1
"michelin","michelin",1
"mif<U+00E9>vrier","mif<U+00E9>vrier",1
"minimale","minimale",1
"minimumnetablissement","minimumnetablissement",1
"mises","mises",1
"missions<U+00C9>valuer","missions<U+00C9>valuer",1
"mix<U+00E9>","mix<U+00E9>",1
"modifi<U+00E9>esparticiper","modifi<U+00E9>esparticiper",1
"moisnconnaissances","moisnconnaissances",1
"monde","monde",1
"mont","mont",1
"montagne","montagne",1
"montr<U+00E9>","montr<U+00E9>",1
"mortagne","mortagne",1
"motiv<U+00E9>e","motiv<U+00E9>e",1
"motivation","motivation",1
"mousses","mousses",1
"moyenne","moyenne",1
"multiples","multiples",1
"municipalenvous","municipalenvous",1
"mutuelle","mutuelle",1
"n<U+00C9>laborez","n<U+00C9>laborez",1
"n<U+00E9>cessairendistances","n<U+00E9>cessairendistances",1
"n<U+00E9>cessit<U+00E9>s","n<U+00E9>cessit<U+00E9>s",1
"n<U+00E9>cessitent","n<U+00E9>cessitent",1
"n<U+00E9>gociable","n<U+00E9>gociable",1
"n<U+00E9>gociation","n<U+00E9>gociation",1
"n<U+00E9>gocier","n<U+00E9>gocier",1
"nafin","nafin",1
"national","national",1
"nature","nature",1
"nau","nau",1
"naujourdhui","naujourdhui",1
"ncapacit<U+00E9>","ncapacit<U+00E9>",1
"nce","nce",1
"nconnaissance","nconnaissance",1
"ncontrat","ncontrat",1
"ncriteres","ncriteres",1
"ncuisinier","ncuisinier",1
"ndans","ndans",1
"ndipl<U+00F4>me","ndipl<U+00F4>me",1
"ndisponibilit<U+00E9>","ndisponibilit<U+00E9>",1
"nenvoyez","nenvoyez",1
"net","net",1
"nets","nets",1
"network","network",1
"neuf","neuf",1
"neufnnous","neufnnous",1
"nfabrication","nfabrication",1
"ngarantir","ngarantir",1
"nice","nice",1
"nil","nil",1
"niveau","niveau",1
"nlagent","nlagent",1
"nlentreprise","nlentreprise",1
"nles","nles",1
"nniveau","nniveau",1
"nnos","nnos",1
"nobles","nobles",1
"non","non",1
"notions","notions",1
"nouveau","nouveau",1
"nouvelle","nouvelle",1
"novembre","novembre",1
"npour","npour",1
"nprofil","nprofil",1
"nqualification","nqualification",1
"nr<U+00E9>alisation","nr<U+00E9>alisation",1
"nr<U+00E9>mun<U+00E9>ration","nr<U+00E9>mun<U+00E9>ration",1
"nrattach<U+00E9>","nrattach<U+00E9>",1
"nrespect","nrespect",1
"nresponsable","nresponsable",1
"nrestauration","nrestauration",1
"nroulement","nroulement",1
"nservices","nservices",1
"ntemps","ntemps",1
"ntexture","ntexture",1
"ntitulaire","ntitulaire",1
"nun","nun",1
"nutritionnel","nutritionnel",1
"nvoici","nvoici",1
"objectif","objectif",1
"obligations","obligations",1
"occuper","occuper",1
"occupez","occupez",1
"odile","odile",1
"oeuvre","oeuvre",1
"office","office",1
"offre","offre",1
"oliviers","oliviers",1
"olonne","olonne",1
"olonnes","olonnes",1
"op<U+00E9>rationnel","op<U+00E9>rationnel",1
"opportunit<U+00E9>s","opportunit<U+00E9>s",1
"optimales","optimales",1
"optique","optique",1
"organiserez","organiserez",1
"orientales","orientales",1
"orne","orne",1
"ouverts","ouverts",1
"ouvre","ouvre",1
"ouvrier","ouvrier",1
"p<U+00E2>te","p<U+00E2>te",1
"p<U+00E2>tes","p<U+00E2>tes",1
"p<U+00E2>tisserienvous","p<U+00E2>tisserienvous",1
"p<U+00E2>tisseriessoigner","p<U+00E2>tisseriessoigner",1
"p<U+00E9>dagogiques","p<U+00E9>dagogiques",1
"p<U+00E9>renne","p<U+00E9>renne",1
"p<U+00E9>rennis<U+00E9>nlorganisation","p<U+00E9>rennis<U+00E9>nlorganisation",1
"paiement","paiement",1
"parempuyre","parempuyre",1
"parent","parent",1
"parents","parents",1
"parfaite","parfaite",1
"parfaitement","parfaitement",1
"paris","paris",1
"parlo<U+00E2>ge","parlo<U+00E2>ge",1
"parmentier","parmentier",1
"partage","partage",1
"partageons","partageons",1
"particulier","particulier",1
"partiel","partiel",1
"partnaire","partnaire",1
"parvenir","parvenir",1
"passage","passage",1
"passation","passation",1
"passer","passer",1
"patients","patients",1
"patisserie","patisserie",1
"pay<U+00E9>s","pay<U+00E9>s",1
"paye","paye",1
"people","people",1
"perchet<U+00E9>l","perchet<U+00E9>l",1
"perfectionnpreparation","perfectionnpreparation",1
"permanent","permanent",1
"permanente","permanente",1
"permis","permis",1
"perpignan","perpignan",1
"personnesnhoraire","personnesnhoraire",1
"perspective","perspective",1
"pes<U+00E9>e","pes<U+00E9>e",1
"petits","petits",1
"physique","physique",1
"pi<U+00E8>ces","pi<U+00E8>ces",1
"pilotage","pilotage",1
"pin","pin",1
"piquante","piquante",1
"pizz<U+00E9>ria","pizz<U+00E9>ria",1
"pizza","pizza",1
"pl<U+00E9>lo","pl<U+00E9>lo",1
"placenle","placenle",1
"placer<U+00E9>aliser","placer<U+00E9>aliser",1
"placetconnaissance","placetconnaissance",1
"plage","plage",1
"plancha","plancha",1
"planification","planification",1
"plans","plans",1
"plaque","plaque",1
"platanticiper","platanticiper",1
"plateau","plateau",1
"platnvous","platnvous",1
"platsnservice","platsnservice",1
"pleinnvous","pleinnvous",1
"plusntravail","plusntravail",1
"plustcapacit<U+00E9>","plustcapacit<U+00E9>",1
"pme","pme",1
"poissonsnposte","poissonsnposte",1
"poissonsnpostes","poissonsnpostes",1
"poivre","poivre",1
"politique","politique",1
"polygone","polygone",1
"polyvalence","polyvalence",1
"polyvalente","polyvalente",1
"polyvalentpr<U+00E9>paration","polyvalentpr<U+00E9>paration",1
"ponctuellement","ponctuellement",1
"portage","portage",1
"poss<U+00E9>der","poss<U+00E9>der",1
"possiblentype","possiblentype",1
"postconfinement","postconfinement",1
"poste<U+00E9>laborer","poste<U+00E9>laborer",1
"postenle","postenle",1
"postenparticiper","postenparticiper",1
"postentype","postentype",1
"postesous","postesous",1
"postetconnaissance","postetconnaissance",1
"postuler","postuler",1
"postulez","postulez",1
"potentiellement","potentiellement",1
"pourra","pourra",1
"pourrait","pourrait",1
"pourrons","pourrons",1
"pourront","pourront",1
"pr<U+00E9><U+00E9>tablis","pr<U+00E9><U+00E9>tablis",1
"pr<U+00E9>cisez","pr<U+00E9>cisez",1
"pr<U+00E9>conisations","pr<U+00E9>conisations",1
"pr<U+00E9>l<U+00E8>vement","pr<U+00E9>l<U+00E8>vement",1
"pr<U+00E9>parateur","pr<U+00E9>parateur",1
"pr<U+00E9>parationsnprofil","pr<U+00E9>parationsnprofil",1
"pr<U+00E9>sence","pr<U+00E9>sence",1
"pr<U+00E9>senter","pr<U+00E9>senter",1
"pr<U+00E9>vision","pr<U+00E9>vision",1
"pr<U+00E9>visionnelle","pr<U+00E9>visionnelle",1
"pr<U+00E9>vue","pr<U+00E9>vue",1
"pr<U+00EA>t","pr<U+00EA>t",1
"premi<U+00E8>res","premi<U+00E8>res",1
"prendrez","prendrez",1
"prescrites","prescrites",1
"prestataires","prestataires",1
"prime","prime",1
"principe","principe",1
"principes","principes",1
"priorit<U+00E9>","priorit<U+00E9>",1
"priv<U+00E9>","priv<U+00E9>",1
"privil<U+00E9>gi<U+00E9>","privil<U+00E9>gi<U+00E9>",1
"probl<U+00E8>me","probl<U+00E8>me",1
"proc<U+00E9>dez","proc<U+00E9>dez",1
"proche","proche",1
"productiondressage","productiondressage",1
"produitentretenir","produitentretenir",1
"produitsntype","produitsntype",1
"professionnelles","professionnelles",1
"profilntype","profilntype",1
"programmez","programmez",1
"progressivement","progressivement",1
"prolongation","prolongation",1
"prolonger","prolonger",1
"propos<U+00E9>e","propos<U+00E9>e",1
"proposons","proposons",1
"propr<U+00E9>t<U+00E9>","propr<U+00E9>t<U+00E9>",1
"propre","propre",1
"propres","propres",1
"protocoles","protocoles",1
"public","public",1
"publics","publics",1
"pur<U+00E9>es","pur<U+00E9>es",1
"qualitatif","qualitatif",1
"quantit<U+00E9>","quantit<U+00E9>",1
"quantit<U+00E9>s","quantit<U+00E9>s",1
"quantitatif","quantitatif",1
"quetigny","quetigny",1
"quimper","quimper",1
"quotidiennement","quotidiennement",1
"r<U+00C9>sidence","r<U+00C9>sidence",1
"r<U+00E8>glementation","r<U+00E8>glementation",1
"r<U+00E9>alisationassurer","r<U+00E9>alisationassurer",1
"r<U+00E9>alisations","r<U+00E9>alisations",1
"r<U+00E9>aliserassurer","r<U+00E9>aliserassurer",1
"r<U+00E9>approvisionner","r<U+00E9>approvisionner",1
"r<U+00E9>ceptionnez","r<U+00E9>ceptionnez",1
"r<U+00E9>ceptionpr<U+00E9>voir","r<U+00E9>ceptionpr<U+00E9>voir",1
"r<U+00E9>compens<U+00E9>","r<U+00E9>compens<U+00E9>",1
"r<U+00E9>els","r<U+00E9>els",1
"r<U+00E9>f","r<U+00E9>f",1
"r<U+00E9>f<U+00E9>rant","r<U+00E9>f<U+00E9>rant",1
"r<U+00E9>f<U+00E9>rences","r<U+00E9>f<U+00E9>rences",1
"r<U+00E9>f<U+00E9>rent","r<U+00E9>f<U+00E9>rent",1
"r<U+00E9>galer","r<U+00E9>galer",1
"r<U+00E9>gionaux","r<U+00E9>gionaux",1
"r<U+00E9>mun<U+00E9>ration","r<U+00E9>mun<U+00E9>ration",1
"r<U+00E9>nov<U+00E9>","r<U+00E9>nov<U+00E9>",1
"r<U+00E9>parti","r<U+00E9>parti",1
"r<U+00E9>parties","r<U+00E9>parties",1
"r<U+00E9>partis","r<U+00E9>partis",1
"r<U+00E9>pondant","r<U+00E9>pondant",1
"r<U+00E9>ponse","r<U+00E9>ponse",1
"r<U+00E9>sidentsnactivit<U+00E9>","r<U+00E9>sidentsnactivit<U+00E9>",1
"r<U+00E9>sidentsnsous","r<U+00E9>sidentsnsous",1
"r<U+00E9>sidentsnune","r<U+00E9>sidentsnune",1
"r<U+00E9>ussir","r<U+00E9>ussir",1
"r<U+00F4>le","r<U+00F4>le",1
"raffinement","raffinement",1
"randstad","randstad",1
"rang<U+00E9>","rang<U+00E9>",1
"rangez","rangez",1
"rapide","rapide",1
"rapidement","rapidement",1
"ratios","ratios",1
"rattach<U+00E9>","rattach<U+00E9>",1
"rayon","rayon",1
"recette","recette",1
"recettesnvous","recettesnvous",1
"recherch<U+00C9>nvous","recherch<U+00C9>nvous",1
"rechercher","rechercher",1
"reconfirmernenvoyez","reconfirmernenvoyez",1
"reconstruction","reconstruction",1
"recrut<U+00E9>s","recrut<U+00E9>s",1
"recrutementservicescomrecrutement","recrutementservicescomrecrutement",1
"refroidissement","refroidissement",1
"rejoignant","rejoignant",1
"rejoignez","rejoignez",1
"rejoignezsous","rejoignezsous",1
"relatifs","relatifs",1
"relationnel","relationnel",1
"relev<U+00E9>","relev<U+00E9>",1
"religieuse","religieuse",1
"remettre","remettre",1
"remise","remise",1
"rempacement","rempacement",1
"remplacementdirectement","remplacementdirectement",1
"remplacementnvous","remplacementnvous",1
"rendre","rendre",1
"renforc<U+00E9>es","renforc<U+00E9>es",1
"renforcer","renforcer",1
"renouvelable","renouvelable",1
"renouvelablenles","renouvelablenles",1
"renouvelablenrecrutement","renouvelablenrecrutement",1
"rep<U+00E9>rer","rep<U+00E9>rer",1
"repastcontribuer","repastcontribuer",1
"requis","requis",1
"residence","residence",1
"respect<U+00E9>es","respect<U+00E9>es",1
"respecte","respecte",1
"respectueux","respectueux",1
"responsabilit<U+00C9>snen","responsabilit<U+00C9>snen",1
"responsabilit<U+00E9>s","responsabilit<U+00E9>s",1
"responsablencdd","responsablencdd",1
"responsablenparticiper","responsablenparticiper",1
"responsables","responsables",1
"restaurantbrasseriepizzeriancontrat","restaurantbrasseriepizzeriancontrat",1
"restaurantncontrat","restaurantncontrat",1
"restaurationnlagent","restaurationnlagent",1
"restaurationnprofil","restaurationnprofil",1
"retours","retours",1
"retraitensous","retraitensous",1
"retranscrit","retranscrit",1
"revenir","revenir",1
"revient","revient",1
"rigoureuse","rigoureuse",1
"risncomp<U+00E9>tences","risncomp<U+00E9>tences",1
"rives","rives",1
"rma<U+00EE>trisez","rma<U+00EE>trisez",1
"rochefort","rochefort",1
"rodez","rodez",1
"roquebrune","roquebrune",1
"rotonde","rotonde",1
"rue","rue",1
"s<U+00E9>nior","s<U+00E9>nior",1
"s<U+00E9>niors","s<U+00E9>niors",1
"s<U+00FB>re","s<U+00FB>re",1
"saint","saint",1
"saisie","saisie",1
"saisonnier","saisonnier",1
"saisonnvotre","saisonnvotre",1
"salade","salade",1
"saladerie","saladerie",1
"samedinhoraires","samedinhoraires",1
"samedinvous","samedinvous",1
"sandwicherie","sandwicherie",1
"sanitairenrepas","sanitairenrepas",1
"sarrebourg","sarrebourg",1
"satisfaire","satisfaire",1
"satisfaits","satisfaits",1
"saucisses","saucisses",1
"saura","saura",1
"sauter","sauter",1
"savez","savez",1
"savoirs","savoirs",1
"scolaire","scolaire",1
"scolaires","scolaires",1
"scrupuleusement","scrupuleusement",1
"second","second",1
"seconderez","seconderez",1
"sel","sel",1
"selection","selection",1
"semainencontrat","semainencontrat",1
"semainenpour","semainenpour",1
"semainenvous","semainenvous",1
"semainesnprise","semainesnprise",1
"semi","semi",1
"semigastronomique","semigastronomique",1
"sens","sens",1
"sensibiliser","sensibiliser",1
"septembre","septembre",1
"septembrenoffre","septembrenoffre",1
"serviceconditionner","serviceconditionner",1
"servicenentretenir","servicenentretenir",1
"servicenprofil","servicenprofil",1
"servir","servir",1
"servis","servis",1
"seul","seul",1
"seule","seule",1
"simple","simple",1
"simplement","simplement",1
"sites","sites",1
"sitesntoutes","sitesntoutes",1
"situe","situe",1
"soignantes","soignantes",1
"soigner","soigner",1
"soigneux","soigneux",1
"soirntravail","soirntravail",1
"soirs","soirs",1
"solidaire","solidaire",1
"solutions","solutions",1
"sorties","sorties",1
"soucieux","soucieux",1
"souhait","souhait",1
"souhaitant","souhaitant",1
"souhaite","souhaite",1
"souhaitent","souhaitent",1
"sourcingncr<U+00E9><U+00E9>e","sourcingncr<U+00E9><U+00E9>e",1
"souschef","souschef",1
"sp<U+00E9>cialiste","sp<U+00E9>cialiste",1
"sp<U+00E9>cifique","sp<U+00E9>cifique",1
"sp<U+00E9>cifiques","sp<U+00E9>cifiques",1
"srveur","srveur",1
"start","start",1
"station","station",1
"statut","statut",1
"steack","steack",1
"steak","steak",1
"stockes","stockes",1
"stricte","stricte",1
"structures","structures",1
"sud","sud",1
"suivante","suivante",1
"suivrez","suivrez",1
"super","super",1
"supplay","supplay",1
"surgel<U+00E9>s","surgel<U+00E9>s",1
"surtout","surtout",1
"surveillez","surveillez",1
"susceptible","susceptible",1
"t<U+00E9>l<U+00E9>phonique","t<U+00E9>l<U+00E9>phonique",1
"t<U+00E9>moins","t<U+00E9>moins",1
"t<U+00E9>moinsutilisation","t<U+00E9>moinsutilisation",1
"t<U+00F4>t","t<U+00F4>t",1
"tables","tables",1
"taccueil","taccueil",1
"talent","talent",1
"talmondaisntravail","talmondaisntravail",1
"tartes","tartes",1
"tchaine","tchaine",1
"tconfection","tconfection",1
"tcuisinier","tcuisinier",1
"tdynamique","tdynamique",1
"team","team",1
"technop<U+00F4>le","technop<U+00F4>le",1
"tels","tels",1
"templitudes","templitudes",1
"tenant","tenant",1
"terme","terme",1
"terminer","terminer",1
"terroir","terroir",1
"tesprit","tesprit",1
"th<U+00E8>mes","th<U+00E8>mes",1
"th<U+00E9>","th<U+00E9>",1
"th<U+00E9>s","th<U+00E9>s",1
"tha<U+00EF>landaises","tha<U+00EF>landaises",1
"tmettre","tmettre",1
"tomates","tomates",1
"totale","totale",1
"totalement","totalement",1
"toul","toul",1
"toulon","toulon",1
"tourettes","tourettes",1
"touristes","touristes",1
"touristique","touristique",1
"tourouvre","tourouvre",1
"tpr<U+00E9>paration","tpr<U+00E9>paration",1
"tr<U+00E8>s","tr<U+00E8>s",1
"tr<U+00E9>ception","tr<U+00E9>ception",1
"traditionnellendescriptif","traditionnellendescriptif",1
"traditionnellenle","traditionnellenle",1
"traditionnelles","traditionnelles",1
"traditionnels","traditionnels",1
"traiteurnsous","traiteurnsous",1
"traiteurnvous","traiteurnvous",1
"traiteurorganisateur","traiteurorganisateur",1
"traiteurs","traiteurs",1
"tranchage","tranchage",1
"transmissionnnous","transmissionnnous",1
"travail<U+00C9>plucher","travail<U+00C9>plucher",1
"travaill<U+00E9>e","travaill<U+00E9>e",1
"travaill<U+00E9>es","travaill<U+00E9>es",1
"travailn<U+00C9>plucher","travailn<U+00C9>plucher",1
"travailnle","travailnle",1
"travailnparticipez","travailnparticipez",1
"travailntype","travailntype",1
"trenforcer","trenforcer",1
"tri","tri",1
"troisnposte","troisnposte",1
"tservice","tservice",1
"typiquement","typiquement",1
"unique","unique",1
"uniquementnvous","uniquementnvous",1
"unit<U+00E9>","unit<U+00E9>",1
"unit<U+00E9>s","unit<U+00E9>s",1
"urbaine","urbaine",1
"urgent","urgent",1
"utilisation","utilisation",1
"utlisant","utlisant",1
"v<U+00E9>rifi<U+00E9>esnposte","v<U+00E9>rifi<U+00E9>esnposte",1
"v<U+00E9>rifiant","v<U+00E9>rifiant",1
"v<U+00E9>rification","v<U+00E9>rification",1
"vacances","vacances",1
"vacant","vacant",1
"valence","valence",1
"valentin","valentin",1
"valid<U+00E9>es","valid<U+00E9>es",1
"validation","validation",1
"valorisant","valorisant",1
"valorisation","valorisation",1
"vannes","vannes",1
"vannesnnous","vannesnnous",1
"vari<U+00E9>e","vari<U+00E9>e",1
"variables","variables",1
"variablesncontrat","variablesncontrat",1
"veillant","veillant",1
"veillerez","veillerez",1
"veillez","veillez",1
"vendredincontrat","vendredincontrat",1
"vendredinhoraires","vendredinhoraires",1
"vendredinl<U+00E9>tablissement","vendredinl<U+00E9>tablissement",1
"vendredinune","vendredinune",1
"venez","venez",1
"ventenembarqu<U+00E9>","ventenembarqu<U+00E9>",1
"verrines","verrines",1
"vers","vers",1
"verts","verts",1
"veuillez","veuillez",1
"vienassist<U+00E9>e","vienassist<U+00E9>e",1
"viennoiserie","viennoiserie",1
"vigeurvous","vigeurvous",1
"vigilante","vigilante",1
"vigueur","vigueur",1
"vilaine","vilaine",1
"villenvous","villenvous",1
"vingt","vingt",1
"vins","vins",1
"vis<U+00E9>s","vis<U+00E9>s",1
"visant","visant",1
"vitrine","vitrine",1
"vitrinenvous","vitrinenvous",1
"vivement","vivement",1
"vivre","vivre",1
"vizillerecrutons","vizillerecrutons",1
"volumes","volumes",1
"vont","vont",1
"vue","vue",1
"weekendnhoraires","weekendnhoraires",1
"weekendnr<U+00E9>mun<U+00E9>ration","weekendnr<U+00E9>mun<U+00E9>ration",1
"weekends","weekends",1
"xnposte","xnposte",1
"xposte","xposte",1
